<?xml version="1.0" encoding="ISO-8859-1" ?>

<!DOCTYPE struts-config PUBLIC
          "-//Apache Software Foundation//DTD Struts Configuration 1.1//EN"
          "http://jakarta.apache.org/struts/dtds/struts-config_1_3.dtd">

<struts-config>
	<form-beans>
		<form-bean name="AddContactValidationForm" type="org.lip6.struts.actionForm.AddContactValidationForm"/>
		<form-bean name="SearchContactValidationForm" type="org.lip6.struts.actionForm.SearchContactValidationForm"/>
		<form-bean name="ModifyContactValidationForm" type="org.lip6.struts.actionForm.ModifyContactValidationForm"/>
	</form-beans>
	
	<action-mappings>

	<action path="/ContactCreation" forward="/pages/contactCreation.jsp" />

	<action path="/AddContact" 
				type="org.lip6.struts.servletAction.AddContactAction"
				name="AddContactValidationForm" scope="request" 
				
				input="/pages/contactCreation.jsp">
			<forward name="addsuccess" path="/pages/addsuccess.jsp" />
			<forward name="error" path="/pages/error.jsp" />
	</action>
	
	
	<action path="/RechercheContact" forward="/pages/contactRecherche.jsp" />
	
	<action path="/SearchContact" 
				type="org.lip6.struts.servletAction.SearchContactAction"
				name="SearchContactValidationForm" scope="request" 
				
				input="/pages/contactRecherche.jsp">
			<forward name="searchsuccess" path="/pages/afficherContact.jsp" />
			<forward name="error" path="/pages/error.jsp" />
	</action>
	
	<action path="/Index" forward="/pages/main.jsp" />
	
	<action path="/SuppContact" 
				type="org.lip6.struts.servletAction.SuppContactAction"
				scope="request" >

	</action>
	
	<action path="/ModificationContact" forward="/pages/modificationContact.jsp" />
	
	<action path="/modifyContact" 
				type="org.lip6.struts.servletAction.ModifyContactAction"
				name="ModifyContactValidationForm" scope="request" 
				
				input="/pages/modificationContact.jsp">
			<forward name="modifsuccess" path="/pages/modifsuccess.jsp" />
			<forward name="error" path="/pages/error.jsp" />
	</action>
	
	</action-mappings>

<!-- ========== Ressources de definitions de messages =========================== -->
	<message-resources parameter="Resources" />

</struts-config>
